{
    "Mat":[[2946.48,       0, 1980.53],
        [      0, 2945.41, 1129.25],
        [      0,       0,       1]],
    "Dist":[0.226317, -1.21478, 0.00170689, -0.000334551, 1.9892]
}