{
    "Mat":[[790.1162956444708, 0, 372.3818808495069],
            [0, 789.328627478472, 316.5558905329606],
            [0, 0, 1]],
    "Dist":[0.2172601836651562, -1.184338105205861, -0.003550107820765037, -0.001021168402368253, 1.558024402282072]
}